cliente_id,smdes1_bajo,smdes1_alto,smdes2_bajo,smdes2_alto,smdes3_bajo,smdes3_alto
10135358,11.0,17.0,18.0,20.0,21.0,250.0
10135374,21.0,32.0,33.0,39.0,40.0,250.0
10135551,20.0,30.0,31.0,37.0,38.0,250.0
10135557,8.0,11.0,12.0,14.0,15.0,100.0
10135597,45.0,67.0,68.0,82.0,83.0,400.0
10135611,150.0,225.0,226.0,275.0,276.0,1500.0
10135656,2.0,4.0,5.0,6.0,7.0,100.0
10136082,8.0,12.0,13.0,15.0,16.0,100.0
10136370,23.0,35.0,36.0,42.0,43.0,250.0
10136526,7.0,10.0,11.0,13.0,14.0,100.0
10136596,28.0,42.0,43.0,51.0,52.0,400.0
10136598,16.0,24.0,25.0,29.0,30.0,250.0
10136628,12.0,18.0,19.0,21.0,22.0,250.0
10141415,10.0,15.0,16.0,18.0,19.0,100.0
10142254,2.0,3.0,4.0,5.0,6.0,100.0
10142768,2.0,3.0,4.0,5.0,6.0,100.0
10143026,17.0,25.0,26.0,30.0,31.0,250.0
10143295,15.0,22.0,23.0,27.0,28.0,250.0
10151607,15.0,23.0,24.0,28.0,29.0,250.0
10478129,17.0,26.0,27.0,31.0,32.0,250.0
10663045,2.0,3.0,4.0,5.0,6.0,100.0
10735587,8.0,11.0,12.0,14.0,15.0,100.0
10856550,14.0,20.0,21.0,25.0,26.0,250.0
10987940,8.0,11.0,12.0,14.0,15.0,100.0
11003240,18.0,27.0,28.0,32.0,33.0,250.0
11003541,17.0,26.0,27.0,31.0,32.0,250.0
11013859,2.0,3.0,4.0,5.0,6.0,100.0
11028023,2.0,7.0,8.0,10.0,11.0,100.0
11041264,27.0,41.0,42.0,50.0,51.0,400.0
11045330,40.0,60.0,61.0,73.0,74.0,400.0
11057673,8.0,11.0,12.0,14.0,15.0,100.0
11098354,8.0,12.0,13.0,15.0,16.0,100.0
11100472,11.0,16.0,17.0,19.0,20.0,100.0
11118233,2.0,7.0,8.0,10.0,11.0,100.0
11120666,20.0,29.0,30.0,36.0,37.0,250.0
11120672,21.0,32.0,33.0,39.0,40.0,250.0
11143230,29.0,43.0,44.0,52.0,53.0,400.0
11188460,15.0,23.0,24.0,28.0,29.0,250.0
11203206,18.0,27.0,28.0,32.0,33.0,250.0
11239546,27.0,41.0,42.0,50.0,51.0,400.0
11372862,2.0,6.0,7.0,9.0,10.0,100.0
11424326,13.0,19.0,20.0,24.0,25.0,250.0
11449130,54.0,81.0,82.0,99.0,100.0,400.0
11464078,15.0,22.0,23.0,27.0,28.0,250.0
11464560,2.0,4.0,5.0,6.0,7.0,100.0
11477215,2.0,3.0,4.0,5.0,6.0,100.0
11516730,2.0,7.0,8.0,10.0,11.0,100.0
11541743,76.0,114.0,115.0,139.0,140.0,800.0
11545597,2.0,10.0,11.0,13.0,14.0,100.0
11552556,2.0,3.0,4.0,5.0,6.0,100.0
11563550,2.0,6.0,7.0,9.0,10.0,100.0
11563562,8.0,11.0,12.0,14.0,15.0,100.0
11622577,239.0,358.0,359.0,437.0,438.0,1500.0
11683453,2.0,6.0,7.0,9.0,10.0,100.0
11729627,10.0,15.0,16.0,18.0,19.0,100.0
11768235,21.0,31.0,32.0,38.0,39.0,250.0
11797750,9.0,14.0,15.0,17.0,18.0,100.0
12133627,12.0,18.0,19.0,22.0,23.0,250.0
12144961,12.0,18.0,19.0,22.0,23.0,250.0
12146367,169.0,253.0,254.0,310.0,311.0,1500.0
12201899,27.0,41.0,42.0,50.0,51.0,400.0
12233572,17.0,26.0,27.0,31.0,32.0,250.0
12250584,12.0,18.0,19.0,22.0,23.0,250.0
12261005,2.0,3.0,4.0,5.0,6.0,100.0
12530766,39.0,58.0,59.0,71.0,72.0,400.0
12538199,7.0,10.0,11.0,13.0,14.0,100.0
12570601,8.0,11.0,12.0,14.0,15.0,100.0
12636439,12.0,18.0,19.0,21.0,22.0,250.0
12648081,12.0,18.0,19.0,21.0,22.0,250.0
12669364,8.0,11.0,12.0,14.0,15.0,100.0
12702279,19.0,28.0,29.0,35.0,36.0,250.0
12702592,51.0,77.0,78.0,94.0,95.0,400.0
12711297,11.0,17.0,18.0,20.0,21.0,250.0
12712558,2.0,3.0,4.0,5.0,6.0,100.0
12735357,2.0,3.0,4.0,5.0,6.0,100.0
12738777,28.0,42.0,43.0,51.0,52.0,400.0
12775290,39.0,58.0,59.0,71.0,72.0,400.0
12784225,18.0,27.0,28.0,32.0,33.0,250.0
12804848,2.0,10.0,11.0,13.0,14.0,100.0
12806952,8.0,11.0,12.0,14.0,15.0,100.0
12809054,14.0,21.0,22.0,26.0,27.0,250.0
12816670,11.0,17.0,18.0,20.0,21.0,250.0
12822349,2.0,7.0,8.0,10.0,11.0,100.0
12827757,15.0,22.0,23.0,27.0,28.0,250.0
12856072,2.0,9.0,10.0,12.0,13.0,100.0
12903326,18.0,27.0,28.0,33.0,34.0,250.0
12906686,2.0,3.0,4.0,5.0,6.0,100.0
12935599,23.0,35.0,36.0,42.0,43.0,250.0
12955966,17.0,26.0,27.0,31.0,32.0,250.0
12995611,2.0,3.0,4.0,5.0,6.0,100.0
12995795,17.0,26.0,27.0,31.0,32.0,250.0
13017520,2.0,7.0,8.0,10.0,11.0,100.0
13018140,2.0,9.0,10.0,12.0,13.0,100.0
13057716,2.0,7.0,8.0,10.0,11.0,100.0
13074225,23.0,35.0,36.0,42.0,43.0,250.0
13183790,13.0,19.0,20.0,24.0,25.0,250.0
13228251,18.0,27.0,28.0,32.0,33.0,250.0
13318025,2.0,10.0,11.0,13.0,14.0,100.0
13318027,2.0,6.0,7.0,9.0,10.0,100.0
13386577,10.0,15.0,16.0,18.0,19.0,100.0
13472161,21.0,31.0,32.0,38.0,39.0,250.0
13473059,8.0,11.0,12.0,14.0,15.0,100.0
13500870,9.0,14.0,15.0,17.0,18.0,100.0
13517515,11.0,16.0,17.0,19.0,20.0,100.0
13525913,57.0,85.0,86.0,104.0,105.0,800.0
13547525,2.0,6.0,7.0,9.0,10.0,100.0
13586460,34.0,51.0,52.0,62.0,63.0,400.0
13592022,21.0,31.0,32.0,38.0,39.0,250.0
13649502,45.0,68.0,69.0,83.0,84.0,400.0
13691471,14.0,21.0,22.0,26.0,27.0,250.0
13691540,2.0,3.0,4.0,5.0,6.0,100.0
13717470,11.0,16.0,17.0,19.0,20.0,100.0
13718606,23.0,35.0,36.0,42.0,43.0,250.0
13727208,2.0,10.0,11.0,13.0,14.0,100.0
13744078,2.0,9.0,10.0,12.0,13.0,100.0
13766968,2.0,3.0,4.0,5.0,6.0,100.0
13774546,40.0,60.0,61.0,73.0,74.0,400.0
13789774,2.0,3.0,4.0,5.0,6.0,100.0
13796243,8.0,12.0,13.0,15.0,16.0,100.0
13816460,8.0,11.0,12.0,14.0,15.0,100.0
13820068,10.0,15.0,16.0,18.0,19.0,100.0
13843511,2.0,8.0,9.0,11.0,12.0,100.0
13851085,28.0,42.0,43.0,51.0,52.0,400.0
13859993,12.0,18.0,19.0,21.0,22.0,250.0
13926155,103.0,154.0,155.0,189.0,190.0,800.0
13928838,2.0,3.0,4.0,5.0,6.0,100.0
13967988,12.0,18.0,19.0,22.0,23.0,250.0
13992073,8.0,11.0,12.0,14.0,15.0,100.0
14009441,2.0,3.0,4.0,5.0,6.0,100.0
14009513,2.0,10.0,11.0,13.0,14.0,100.0
14021328,11.0,16.0,17.0,19.0,20.0,100.0
14025341,9.0,14.0,15.0,17.0,18.0,100.0
14025718,2.0,7.0,8.0,10.0,11.0,100.0
14039445,18.0,27.0,28.0,32.0,33.0,250.0
14039521,2.0,10.0,11.0,13.0,14.0,100.0
14041160,9.0,14.0,15.0,17.0,18.0,100.0
14041931,11.0,16.0,17.0,19.0,20.0,100.0
14066164,18.0,27.0,28.0,32.0,33.0,250.0
14073452,8.0,12.0,13.0,15.0,16.0,100.0
14073919,38.0,57.0,58.0,70.0,71.0,400.0
14074733,9.0,13.0,14.0,16.0,17.0,100.0
14074887,8.0,11.0,12.0,14.0,15.0,100.0
14081326,2.0,9.0,10.0,12.0,13.0,100.0
14082702,11.0,16.0,17.0,19.0,20.0,100.0
14085465,30.0,45.0,46.0,55.0,56.0,400.0
14088779,8.0,11.0,12.0,14.0,15.0,100.0
14108684,14.0,21.0,22.0,26.0,27.0,250.0
14112804,20.0,30.0,31.0,37.0,38.0,250.0
14116936,12.0,18.0,19.0,22.0,23.0,250.0
14117000,38.0,57.0,58.0,70.0,71.0,400.0
14129857,9.0,13.0,14.0,16.0,17.0,100.0
14156677,14.0,21.0,22.0,26.0,27.0,250.0
14175643,2.0,9.0,10.0,12.0,13.0,100.0
14188498,26.0,38.0,39.0,47.0,48.0,250.0
14196315,14.0,20.0,21.0,25.0,26.0,250.0
14205134,15.0,22.0,23.0,27.0,28.0,250.0
14205259,8.0,11.0,12.0,14.0,15.0,100.0
14206740,10.0,15.0,16.0,18.0,19.0,100.0
14215651,11.0,17.0,18.0,20.0,21.0,250.0
14219357,15.0,22.0,23.0,27.0,28.0,250.0
14222073,45.0,67.0,68.0,82.0,83.0,400.0
14223675,8.0,11.0,12.0,14.0,15.0,100.0
14225171,2.0,10.0,11.0,13.0,14.0,100.0
14230327,93.0,140.0,141.0,171.0,172.0,800.0
14238792,28.0,42.0,43.0,51.0,52.0,400.0
14248271,2.0,8.0,9.0,11.0,12.0,100.0
14256807,14.0,20.0,21.0,25.0,26.0,250.0
14257472,11.0,16.0,17.0,19.0,20.0,100.0
14257588,9.0,14.0,15.0,17.0,18.0,100.0
14265421,29.0,43.0,44.0,52.0,53.0,400.0
14266839,87.0,130.0,131.0,159.0,160.0,800.0
14288389,9.0,14.0,15.0,17.0,18.0,100.0
14288410,2.0,3.0,4.0,5.0,6.0,100.0
14294963,2.0,6.0,7.0,9.0,10.0,100.0
14298012,2.0,5.0,6.0,7.0,8.0,100.0
14300381,17.0,25.0,26.0,30.0,31.0,250.0
14310950,2.0,10.0,11.0,13.0,14.0,100.0
14317182,2.0,7.0,8.0,10.0,11.0,100.0
14318688,14.0,20.0,21.0,25.0,26.0,250.0
14321041,2.0,3.0,4.0,5.0,6.0,100.0
14324081,20.0,29.0,30.0,36.0,37.0,250.0
14360276,2.0,9.0,10.0,12.0,13.0,100.0
14372026,24.0,36.0,37.0,43.0,44.0,250.0
14380369,10.0,15.0,16.0,18.0,19.0,100.0
14380457,12.0,18.0,19.0,22.0,23.0,250.0
14385007,17.0,25.0,26.0,30.0,31.0,250.0
14386712,33.0,49.0,50.0,60.0,61.0,400.0
14386724,12.0,18.0,19.0,21.0,22.0,250.0
14392788,2.0,10.0,11.0,13.0,14.0,100.0
14394597,17.0,26.0,27.0,31.0,32.0,250.0
14398212,2.0,3.0,4.0,5.0,6.0,100.0
14402054,10.0,15.0,16.0,18.0,19.0,100.0
14411842,11.0,16.0,17.0,19.0,20.0,100.0
14416918,36.0,54.0,55.0,65.0,66.0,400.0
14421571,2.0,8.0,9.0,11.0,12.0,100.0
14421758,7.0,10.0,11.0,13.0,14.0,100.0
14422465,12.0,18.0,19.0,22.0,23.0,250.0
14422640,29.0,43.0,44.0,52.0,53.0,400.0
14438267,15.0,22.0,23.0,27.0,28.0,250.0
14448400,15.0,23.0,24.0,28.0,29.0,250.0
14467940,18.0,27.0,28.0,32.0,33.0,250.0
14472912,2.0,3.0,4.0,5.0,6.0,100.0
